"label","Bipartite","LonX","LatY"
"poi1",1,682812.133442633,418009.042460276
"poi2",1,681756.20760565,417955.991563087
"poi3",1,680188.108277206,425550.91653471
"poi4",1,668014.187223521,409229.042381638
"poi5",1,679535.75193992,418883.02582765
"poi6",1,680234.344574802,425487.380426855
"poi7",1,677788.499820863,420373.880742831
"poi8",1,679701.571417261,416896.199619639
"poi9",1,681297.851118408,415186.961021072
"poi10",1,681832.941234393,416321.5100129
"poi11",1,670077.542121424,409223.814360269
"poi12",1,678303.602715496,419785.989813941
"poi13",1,681041.576761974,425484.962812683
"poi14",1,682204.414401319,417158.162902054
"poi15",1,676870.780856468,416307.170493803
"poi16",1,674858.018659225,415061.435245443
"poi17",1,679066.179312085,416597.454628338
"poi18",1,679435.127894224,418175.205017188
"poi19",1,681568.443499898,416173.067873034
"poi20",1,681260.927953535,421061.157167207
"poi21",1,674323.359702356,415974.631776957
"poi22",1,679195.994290738,416312.914450195
"poi23",1,679480.613740401,419686.674005853
"poi24",1,679093.277281685,416068.919914477
"poi25",1,676885.640083296,419383.172713972
"poi26",1,677173.92791233,422048.278224872
"poi27",1,676886.863481975,414644.845638713
"poi28",1,679674.469157592,418829.382615578
"poi29",1,677951.67160447,419054.579735036
"poi30",1,678708.68593443,417095.111976907
"poi31",1,678149.110022662,415323.071143879
"poi32",1,679065.70744596,422840.594154821
"poi33",1,679692.870894923,417204.541811059
"poi34",1,680590.509685975,416262.95443641
"poi35",1,677177.350856924,422163.17158821
"poi36",1,678923.598657169,419823.196242635
"poi37",1,682053.710170362,417113.638227995
"poi38",1,679087.285236455,421493.228082356
"poi39",1,682849.80588108,420519.930282448
"poi40",1,671375.157699308,422687.346855107
"poi41",1,679520.787445111,423428.974923698
"poi42",1,679952.101454212,418858.186066211
"poi43",1,682771.126446647,418741.662341889
"poi44",1,673771.535680398,423644.253954064
"poi45",1,668435.785950246,405300.746465304
"poi46",1,671295.354215301,422503.033403917
"poi47",1,683065.328744492,423463.16401779
"poi48",1,678722.261214545,418489.528060205
"poi49",1,682714.52451765,418376.545207127
"poi50",1,668758.255458167,416907.870537393
"poi51",1,678672.454392245,408195.446758348
"poi52",1,678697.687042124,420550.369751901
"poi53",1,680201.568484437,425703.832270053
"poi54",1,677668.721718518,412627.910065428
"poi55",1,674938.179283904,413901.01808498
"poi56",1,683109.386277333,413881.426705615
"poi57",1,680224.448634885,425891.886702547
"poi58",1,674993.832235393,422408.434113629
"poi59",1,679895.113673496,419196.242946955
"poi60",1,680084.405278404,416438.564794852
"poi61",1,686129.431252143,417346.519884265
"poi62",1,679145.482652635,416896.732214831
"poi63",1,688411.662072245,415516.171328076
"poi64",1,682037.903348546,415357.669566287
"poi65",1,677663.470152828,419377.549489073
"poi66",1,679306.941121348,418817.6397369
"poi67",1,681272.472373285,420857.285002731
"poi68",1,678742.269030527,408193.960697066
"poi69",1,665874.141362573,409906.425440698
"poi70",1,670862.540907888,419261.913515604
"poi71",1,681042.41326123,426323.434239418
"poi72",1,681810.320088561,416312.6804578
"poi73",1,681238.68460818,425846.801524665
"poi74",1,679432.430770413,416535.7706205
"poi75",1,679552.824795965,423432.45521282
"poi76",1,669918.714254294,419877.615124597
"poi77",1,672171.078637935,410736.155959589
"poi78",1,679336.879137809,416431.169026024
"poi79",1,678813.412417181,416950.920656049
"poi80",1,677442.373669158,409980.313317906
"poi81",1,677127.280682524,422479.381886448
"poi82",1,678978.498650445,420404.345845351
"poi83",1,673360.145907042,419399.461480488
"poi84",1,681011.843974622,418313.457246075
"poi85",1,678224.245377843,408113.053482329
"poi86",1,671479.713092882,416190.983493026
"poi87",1,679903.935702167,419823.188348188
"poi88",1,683412.582940672,414681.977737108
"poi89",1,680207.720881193,429106.52131445
"poi90",1,680525.734155169,425731.445627904
"poi91",1,677330.583169553,419632.980164919
"poi92",1,679921.889089611,418848.933295423
"poi93",1,680206.295515292,429088.445995873
"poi94",1,676881.435202286,422500.271267011
"poi95",1,680769.715654736,415407.051374895
"poi96",1,672191.581059994,416127.108830612
"poi97",1,680376.488575378,425659.439255662
"poi98",1,679661.15673105,417232.114444556
"poi99",1,684603.124388421,415543.841524848
"poi100",1,682654.639715621,416563.202792574
"poi101",1,679287.110291627,419111.367527643
"poi102",1,679831.627687939,418473.145291694
"poi103",1,679771.027680985,414304.697055474
"poi104",1,668579.094407739,416822.725685643
"poi105",1,668265.410668477,405302.085172742
"poi106",1,671415.136745984,422558.682763953
"poi107",1,679091.12944616,412672.163126744
"poi108",1,682701.261102689,422808.570109233
"poi109",1,679365.794676933,423159.800767645
"poi110",1,683105.419663728,412842.568257912
"poi111",1,676734.258457002,410149.255669149
"poi112",1,680238.866627672,410983.605160363
"poi113",1,683333.35990879,414787.255543314
"poi114",1,680224.281560305,425945.12346742
"poi115",1,671835.928192206,421935.228513906
"poi116",1,681682.297032458,426727.443748602
"poi117",1,682262.177756985,427188.947895521
"poi118",1,681253.234450305,420067.545225806
"poi119",1,683055.390154929,414837.652543733
"poi120",1,681467.394575252,421956.228101143
"poi121",1,680168.125983626,425777.323737861
"poi122",1,676865.49308196,416304.188784049
"poi123",1,682752.185750264,417639.162470968
"poi124",1,680608.030541098,416268.686049359
"poi125",1,677141.190865838,419243.478027261
"poi126",1,683033.522617182,416037.264669211
"poi127",1,676929.815031048,420991.239790618
"poi128",1,681477.176404969,421987.263463681
"poi129",1,676613.376987487,413599.874092127
"poi130",1,673581.709436919,423490.170599456
"poi131",1,680889.116370196,418311.37308209
"poi132",1,681542.759911566,416593.346186434
"poi133",1,677654.104058831,409979.373134667
"poi134",1,683027.485226564,412636.308577557
"poi135",1,682678.089160564,422946.249677398
"poi136",1,668350.76769023,409213.062403328
"poi137",1,670182.111831719,409161.712716788
"poi138",1,682768.394393154,418767.397895916
"poi139",1,679308.911921061,416564.097043109
"poi140",1,679797.420769977,418940.251488253
"poi141",1,679555.025580034,419838.458586444
"poi142",1,676688.687260029,410240.864766088
"poi143",1,679043.570017235,412749.236776741
"poi144",1,680029.638145272,425363.700182285
"poi145",1,681661.662010104,417004.02987898
"poi146",1,675695.213083942,426861.850240522
"poi147",1,679764.990856281,419588.578374542
"poi148",1,680404.52663145,426016.952703426
"poi149",1,677647.781061363,414968.327939727
"poi150",1,682407.34023475,418397.513420874
"poi151",1,674553.786350703,418276.360232915
"poi152",1,682774.827168184,418328.856763603
"poi153",1,675644.742416393,426630.399715956
"poi154",1,679348.561712753,423153.294472947
"poi155",1,681312.186901101,426657.957604264
"poi156",1,681591.120161472,418324.744283836
"poi157",1,680153.677440188,427991.215705859
"poi158",1,681561.576301626,417030.84041971
"poi159",1,683124.635065465,415012.985233831
"poi160",1,679447.183285521,419816.175898574
"poi161",1,682246.885268304,417232.281064884
"poi162",1,684573.157464893,417411.015407162
"poi163",1,680234.84458846,429693.066681091
"poi164",1,686534.520645823,414663.206296949
"poi165",1,677231.617963068,417278.412015851
"poi166",1,679486.556749985,418746.270829316
"poi167",1,679693.802873782,417207.201617227
"poi168",1,680076.673179437,428025.204048134
"poi169",1,677549.005038073,418984.980791482
"poi170",1,679787.646618406,420184.77315107
"poi171",1,682508.904334824,419941.830747933
"poi172",1,677849.225031403,419048.162460821
"poi173",1,679788.723118722,418025.500475438
"poi174",1,683033.033359282,412890.497265396
"poi175",1,681306.179160335,425483.330628104
"poi176",1,679416.530465751,416981.210511797
"poi177",1,681452.63916537,423698.963761344
"poi178",1,681580.790043036,416474.379853446
"poi179",1,679823.063877578,419679.511045357
"poi180",1,677556.525180592,418874.60935651
"poi181",1,679829.519339524,419228.544720575
"poi182",1,681290.161412302,426516.258871134
"poi183",1,678033.628071729,418367.2034679
"poi184",1,679762.724067947,420004.37819235
"poi185",1,680729.541402621,423221.383715257
"poi186",1,677178.033048431,422370.791351659
"poi187",1,675726.568385792,427000.961977042
"poi188",1,679589.801654092,416611.959401385
"poi189",1,682710.586436106,422845.818452219
"poi190",1,679597.057473408,418836.756806868
"poi191",1,681548.048609527,415446.441555825
"poi192",1,679769.458581615,419511.820423854
"poi193",1,680312.124696784,425728.890337112
"poi194",1,682399.849721712,424774.7567511
"poi195",1,679942.979004389,418130.981350136
"poi196",1,680310.835430421,425731.99845951
"poi197",1,683272.232558471,416706.724621478
"poi198",1,683054.853037021,414011.949899584
"poi199",1,675733.530586536,426682.855079139
"poi200",1,673095.393801115,410950.336993032
"poi201",1,679630.104514654,420390.510465994
"poi202",1,679083.383793298,421487.46939325
"poi203",1,680266.753161452,429778.511885685
"poi204",1,675759.270281013,426688.113164103
"poi205",1,679277.714227231,423097.882931504
"poi206",1,679494.46248322,416259.920676715
"poi207",1,679320.404857432,416609.544335688
"poi208",1,678998.339622559,422139.244541964
"poi209",1,681096.421580475,418367.412448265
"poi210",1,681885.880470805,416685.297152743
"poi211",1,681927.425099312,415385.8265257
"poi212",1,678669.404518588,420532.68760084
"poi213",1,681514.752819358,418300.270308327
"poi214",1,677929.35918151,419338.223830851
"poi215",1,681708.785485652,416554.430978884
"poi216",1,680263.359931398,415529.416608997
"poi217",1,681309.660036867,411842.534127471
"poi218",1,681205.493773929,418490.637588029
"poi219",1,675205.121924636,422236.971357162
"poi220",1,679694.44610892,417204.760277266
"poi221",1,680986.982952127,416293.543960325
"poi222",1,678833.664088225,417102.15408816
"poi223",1,670162.746690729,408986.87199053
"poi224",1,680314.439800177,425729.551005755
"poi225",1,676662.646725246,411194.617817344
"poi226",1,670024.101875963,419877.727080835
"poi227",1,677264.897407288,419777.539234816
"poi228",1,679990.47437782,427734.580115408
"poi229",1,682998.294779371,411855.576675545
"poi230",1,681143.532443061,426074.131402842
"poi231",1,673863.076222279,428966.122118543
"poi232",1,681198.220046023,419029.775536698
"poi233",1,679384.480233424,416466.778466454
"poi234",1,681284.204949309,419993.841398
"poi235",1,680898.432152379,416254.237513439
"poi236",1,676050.224907088,422641.292346314
"poi237",1,681753.708257081,418199.10626984
"poi238",1,682471.914040108,426513.455078367
"poi239",1,679314.694187575,419104.431394994
"poi240",1,679484.863152875,416535.214235449
"poi241",1,679631.665334044,417215.984755728
"poi242",1,679612.087037346,418501.893215658
"poi243",1,681387.841925153,414914.840508483
"poi244",1,681506.739123033,424005.521364478
"poi245",1,676733.275762642,416220.663501295
"poi246",1,679697.875375499,417205.640248984
"poi247",1,678081.148518472,416351.896087163
"poi248",1,683044.651876961,414007.309889449
"poi249",1,679540.942139407,419791.907302941
"poi250",1,678299.09187261,415803.957784487
"poi251",1,678812.889586878,417132.810730597
"poi252",1,679752.326359175,418202.364904277
"poi253",1,671182.043104325,418920.009219084
"poi254",1,680532.368510321,415417.513641896
"poi255",1,675550.458910292,414497.668850849
"poi256",1,677665.69618932,419378.986087516
"poi257",1,681713.516465721,416509.39344849
"poi258",1,677234.766242649,419763.414795325
"poi259",1,677113.361904211,415359.544313009
"poi260",1,679808.239385819,419588.597668077
"poi261",1,680952.842405633,426514.155077653
"poi262",1,675662.411093078,427677.232142168
"poi263",1,681320.389907513,421211.210418201
"poi264",1,682767.761614819,418211.639996532
"poi265",1,671866.579284389,418639.69663651
"poi266",1,678746.750486278,429420.443130396
"poi267",1,680367.267801045,425406.696354372
"poi268",1,672912.32316043,410950.077054495
"poi269",1,681125.220106488,421079.391924965
"poi270",1,677231.378891874,422339.720216569
"poi271",1,680918.956773553,426598.846698056
"poi272",1,683012.299684382,423367.322466809
"poi273",1,682184.00468607,417141.786625713
"poi274",1,681278.772410635,420859.047167746
"poi275",1,680282.572664303,429153.946119163
"poi276",1,678910.485374804,416989.079927459
"poi277",1,680326.986807088,426023.878063216
"poi278",1,681117.185707735,421090.16593879
"poi279",1,679801.322899223,418770.997485377
"poi280",1,677872.004315246,419645.572789963
"poi281",1,675081.840426771,411849.740420251
"poi282",1,681578.351311323,418331.423387843
"poi283",1,676057.7671438,420150.704776968
"poi284",1,681705.050646834,416539.132886866
"poi285",1,682750.614092206,418563.58140039
"poi286",1,681820.562294036,422368.016785717
"poi287",1,680087.332887443,416509.761421877
"poi288",1,683695.675225645,415729.452930787
"poi289",1,676890.422420146,421433.528224937
"poi290",1,668576.493294593,416820.516065047
"poi291",1,677824.269067196,415399.680309455
"poi292",1,679767.60224339,420426.92851793
"poi293",1,676098.931221367,412542.423496927
"poi294",1,680081.228877146,427460.997823054
"poi295",1,680102.956583104,427408.381286699
"poi296",1,677608.956259613,421404.197762893
"poi297",1,678940.269974731,421879.069985426
"poi298",1,682635.162632312,419453.272122699
"poi299",1,679424.405523849,416465.694214323
"poi300",1,679874.889046653,419091.810116628
"poi301",1,679862.361476442,418948.432354565
"poi302",1,683014.669522618,412725.83315664
"poi303",1,679560.637610816,419907.653325485
"poi304",1,681578.573626333,426591.003749712
"poi305",1,677299.101379821,419129.087305466
"poi306",1,681536.294992547,418328.177401893
"poi307",1,675470.376322774,422633.339580391
"poi308",1,677510.415753095,416245.309347824
"poi309",1,675891.243505763,422596.109496809
"poi310",1,679372.27538143,418835.909061559
"poi311",1,679391.308715373,418557.377716294
"poi312",1,680215.226241886,429334.425218614
"poi313",1,679231.464972146,416350.545894526
"poi314",1,677936.02565563,419337.542965226
"poi315",1,680811.289803987,426669.934145099
"poi316",1,682301.242911946,417222.974834254
"poi317",1,677394.246430888,419650.241751014
"poi318",1,683071.964950282,417707.131126199
"poi319",1,678552.643547194,419835.890068013
"poi320",1,681529.907974236,424258.348520759
"poi321",1,681412.892897924,422019.884750921
"poi322",1,683196.61656635,416745.564065319
"poi323",1,677667.270315152,419378.871495161
"poi324",1,677680.950904695,408292.863412836
"poi325",1,680437.713087732,418327.925449667
"poi326",1,670052.805066218,408903.03641194
"poi327",1,680808.483112811,426517.106830762
"poi328",1,679970.557224854,416397.323361533
"poi329",1,681191.987172454,426428.94495248
"poi330",1,676654.791834589,410330.338384121
"poi331",1,678372.963791739,419785.166895813
"poi332",1,677387.380971333,419176.013772797
"poi333",1,676978.832357525,421619.086563651
"poi334",1,681608.762874274,416664.643363635
"poi335",1,682762.97039066,418841.050510414
"poi336",1,680981.745987088,426436.793552876
"poi337",1,677433.797198155,419065.661024244
"poi338",1,672330.493923382,412651.733951098
"poi339",1,681730.930662978,416556.828564968
"poi340",1,679369.2780835,416462.485885862
"poi341",1,681467.981819332,422496.462310999
"poi342",1,678999.118154959,422114.399281395
"poi343",1,682142.951565776,427068.501571451
"poi344",1,673719.75597091,418760.073988359
"poi345",1,679586.312601865,419139.22624607
"poi346",1,680729.942272007,415393.82260451
"poi347",1,679938.033898479,419655.977901019
"poi348",1,678631.527320086,415606.458297735
"poi349",1,674861.52371734,415055.436997776
"poi350",1,683332.045135545,414777.165283484
"poi351",1,668177.677475897,405444.004284166
"poi352",1,682751.755807164,422932.917965852
"poi353",1,672748.93622808,410896.196246321
"poi354",1,679267.73013875,416370.208694122
"poi355",1,682266.669438239,427215.77956676
"poi356",1,677323.467257412,415973.250697906
"poi357",1,670073.235698319,409180.795716044
"poi358",1,684533.062456403,417419.509237142
"poi359",1,677229.301159606,422361.352409692
"poi360",1,684098.799153835,415574.390622143
"poi361",1,680570.588782312,425307.570281681
"poi362",1,679219.83478013,416455.268091118
"poi363",1,678704.15334691,417098.005688162
"poi364",1,679136.788464688,422874.376394883
"poi365",1,680689.78299432,418625.976455602
"poi366",1,680999.872105185,418348.084334777
"poi367",1,677846.91218739,419687.554381188
"poi368",1,680278.789624203,427953.800874322
"poi369",1,681170.733038444,426210.495848245
"poi370",1,682212.102051275,417157.704949375
"poi371",1,682297.648342195,416333.059191261
"poi372",1,682867.617494523,423217.411247921
"poi373",1,682278.031219938,415246.424796754
"poi374",1,678603.089124562,420609.141145672
"poi375",1,682272.078194322,416332.330257742
"poi376",1,677706.823159548,420254.179174506
"poi377",1,678210.19896285,415540.31067389
"poi378",1,677182.98086616,419329.997465193
"poi379",1,680826.451378943,416255.047158995
"poi380",1,680331.57198848,415765.508990516
"poi381",1,677285.258482518,421677.576974832
"poi382",1,672149.854409857,415923.713555288
"poi383",1,679823.322059341,419757.811708071
"poi384",1,677100.487981838,419841.815678935
"poi385",1,682369.090588322,426558.230433639
"poi386",1,681710.879097448,418421.225751921
"poi387",1,682669.74191629,419370.915548534
"poi388",1,682872.189379811,417254.207872015
"poi389",1,681560.331370708,418352.752489979
"poi390",1,680016.732659831,427636.813660073
"poi391",1,680943.160812271,416292.078573988
"poi392",1,682234.64517876,426468.200336237
"poi393",1,674815.619850825,415110.45727483
"poi394",1,684567.782672229,417180.336488307
"poi395",1,681003.198017951,425639.313833656
"poi396",1,679580.869161039,419841.397767472
"poi397",1,680241.835312642,416231.616925618
"poi398",1,678505.099775608,416775.709686852
"poi399",1,682129.918227737,411248.946751304
"poi400",1,681291.823016487,426514.148330409
"poi401",1,676802.961370003,416342.82547784
"poi402",1,681151.971779514,416619.728968838
"poi403",1,676949.892269832,414423.321805248
"poi404",1,677711.967537872,420196.827466985
"poi405",1,683112.912456088,416767.782283845
"poi406",1,676936.53661495,421167.013814856
"poi407",1,680365.288222526,425658.57507029
"poi408",1,676852.53829219,408228.840019305
"poi409",1,678280.745981185,408209.746568566
"poi410",1,682512.131694235,419934.283083541
"poi411",1,681422.988703058,426673.822565984
"poi412",1,679856.444771347,419567.755950361
"poi413",1,678481.186549103,416852.17905238
"poi414",1,684567.199090059,417449.731760578
"poi415",1,683157.078860578,415074.148789317
"poi416",1,681699.541217508,416516.296481799
"poi417",1,678921.538963184,421321.684719006
"poi418",1,681332.319981242,419263.528219528
"poi419",1,678373.149759749,419785.499199367
"poi420",1,683117.473355204,414997.470871333
"poi421",1,680266.775473759,429744.684342527
"poi422",1,679726.58773044,417203.91563496
"poi423",1,680212.309505114,419551.816937211
"poi424",1,675952.981551038,414576.168576073
"poi425",1,679628.671888888,418331.059439129
"poi426",1,680262.354124557,426006.93180822
"poi427",1,677287.705935541,419788.908485542
"poi428",1,679696.558305449,420505.048037966
"poi429",1,682862.571265086,423191.134989399
"poi430",1,680824.93618704,415407.716758613
"poi431",1,671720.732839009,418618.167668309
"poi432",1,670443.062656757,409932.376238315
"poi433",1,678001.228460332,418374.930740112
"poi434",1,680064.152862694,427525.471982846
"poi435",1,679575.410041967,416899.906724622
"poi436",1,680312.317591514,425732.660849952
"poi437",1,679538.257446987,419187.685114603
"poi438",1,668287.672517931,405386.855428146
"poi439",1,681669.551325423,416867.265618951
"poi440",1,672700.400627041,423449.621684519
"poi441",1,668740.802627417,416754.984298429
"poi442",1,681082.206402959,420960.91613041
"poi443",1,680945.433897171,417384.958249964
"poi444",1,679304.678171266,418799.122987048
"poi445",1,683158.014977529,416708.81076425
"poi446",1,679537.74515945,419164.728223409
"poi447",1,679980.494082315,427344.865170685
"poi448",1,680782.950397593,421978.433859676
"poi449",1,680311.662409879,425729.113111265
"poi450",1,679445.844293216,416268.565052791
"poi451",1,677157.199263098,421480.798033089
"poi452",1,680164.779184242,429720.8291152
"poi453",1,679046.023650184,412727.049969604
"poi454",1,679965.49217887,426064.337360857
"poi455",1,687055.465310924,415506.267071384
"poi456",1,676723.09445589,412381.066768068
"poi457",1,675739.181749099,426685.280688535
"poi458",1,680590.303235557,425898.12116896
"poi459",1,681540.409130994,418348.243770435
"poi460",1,679858.97931279,413784.910625857
"poi461",1,683058.569765499,414017.710479931
"poi462",1,679866.905210425,419785.113979923
"poi463",1,681440.709757689,421850.806062329
"poi464",1,681446.25004568,422556.727931565
"poi465",1,680077.856602512,427529.768754522
"poi466",1,679945.403750744,418844.225719164
"poi467",1,683062.668497146,417792.546519222
"poi468",1,679358.4275636,416457.074847604
"poi469",1,665966.245368543,409841.770874076
"poi470",1,677847.833116759,419685.334075388
"poi471",1,679556.156377799,416993.221376688
"poi472",1,679661.891222786,418620.458588251
"poi473",1,678784.804508386,416165.756946368
"poi474",1,679623.567423471,416633.292504557
"poi475",1,676843.72518791,416305.35060452
"poi476",1,678965.817818577,421750.359571172
"poi477",1,681563.454984568,418339.54841999
"poi478",1,680695.697016359,425889.145086031
"poi479",1,675000.305550579,421593.457602292
"poi480",1,679322.340061391,416476.450843957
"poi481",1,681462.254661236,423883.275416823
"poi482",1,680224.125508702,419444.100618224
"poi483",1,675800.164284666,426830.195380563
"poi484",1,680051.66108944,427525.498159908
"poi485",1,681035.967014162,418380.952212236
"poi486",1,678670.221299872,420525.254908067
"poi487",1,677756.593369763,419676.562752661
"poi488",1,681682.037824099,415842.677804597
"poi489",1,677184.362380599,422230.14375372
"poi490",1,682031.886147955,426811.844805594
"poi491",1,683004.123490878,423298.684632583
"poi492",1,683334.469063683,414785.700908838
"poi493",1,683171.192832405,416669.526284917
"poi494",1,678576.618606572,418428.632529363
"poi495",1,679474.090034662,421044.760913729
"poi496",1,677299.710722324,414357.381917657
"poi497",1,683008.750737106,423297.900021486
"poi498",1,681723.927378869,416818.362062511
"poi499",1,677936.843769273,415722.826602512
"poi500",1,673089.732226487,410387.27614041
"poi501",1,679859.533581677,418881.117108558
"poi502",1,681219.947338725,425684.467534537
"poi503",1,680812.664489891,426663.276817294
"poi504",1,680829.16832755,414931.028215859
"poi505",1,683029.265605365,412856.23372394
"poi506",1,671502.285804562,418818.45329793
"poi507",1,680194.080819149,429398.242346834
"poi508",1,680357.128636007,425606.353690058
"poi509",1,679469.250499958,418752.40798432
"poi510",1,678712.338845635,417071.591361119
"poi511",1,680825.096513658,426357.364044225
"poi512",1,680313.88679848,425730.661240668
"poi513",1,679102.909212802,416575.747185224
"poi514",1,679342.180563857,419651.371155621
"poi515",1,665766.793699208,409855.790948273
"poi516",1,681588.258400797,424180.821214888
"poi517",1,672097.55029515,415937.618799749
"poi518",1,680174.815672845,425656.529715869
"poi519",1,679224.726311929,416489.417037777
"poi520",1,677122.111564607,414602.356585575
"poi521",1,680112.781611689,427991.855642439
"poi522",1,681391.668283434,423905.040222048
"poi523",1,676689.955083439,414602.180737849
"poi524",1,681946.44244538,424892.170566554
"poi525",1,682224.36645986,417177.534579976
"poi526",1,682010.166251875,422365.882564742
"poi527",1,678806.564054675,417454.790447015
"poi528",1,676400.20963975,414525.367263869
"poi529",1,681353.900931027,417320.490898968
"poi530",1,681079.362535949,426009.709576465
"poi531",1,679694.628542928,417203.428995414
"poi532",1,680991.105413392,421385.65451789
"poi533",1,679490.901447839,416154.676929392
"poi534",1,679455.958857284,416276.306834327
"poi535",1,679199.199183361,416465.849240364
"poi536",1,680626.701166772,416430.240566069
"poi537",1,675716.744763659,426958.952232572
"poi538",1,680278.307190098,425934.475038074
"poi539",1,683160.610756654,416709.915262455
"poi540",1,679618.828812323,416887.170484458
"poi541",1,681401.623443366,404737.922241781
"poi542",1,682272.297597775,427405.645767377
"poi543",1,680086.925396626,427530.082502199
"poi544",1,677111.230430227,414740.351736435
"poi545",1,668782.850156053,416780.244910019
"poi546",1,668751.223970754,412801.393325848
"poi547",1,679483.853807585,423430.163453941
"poi548",1,679374.896947082,416404.690824835
"poi549",1,677129.053072293,421481.42004049
"poi550",1,679737.884116934,417201.673504043
"poi551",1,678899.861459689,414359.150397163
"poi552",1,681588.984944522,422256.776336765
"poi553",1,679521.125281016,416251.545405119
"poi554",1,680869.355102674,426737.139208869
"poi555",1,676866.23877405,416306.072412919
"poi556",1,681602.241943052,418328.493710604
"poi557",1,675804.651033631,426811.44022976
"poi558",1,679413.310330201,418795.671727913
"poi559",1,680243.273182678,429519.808054904
"poi560",1,671488.599423575,416157.462615978
"poi561",1,673086.776673671,410852.651786302
"poi562",1,672626.153075506,412787.854302538
"poi563",1,670900.637908433,410355.861249264
"poi564",1,680156.283984091,425646.142854129
"poi565",1,682328.497405802,414729.836171811
"poi566",1,682852.241093506,420586.803513395
"poi567",1,676689.530625287,416289.200338196
"poi568",1,675239.175365804,422123.312001875
"poi569",1,681408.137019575,419056.758579237
"poi570",1,680546.265984154,425633.914524974
"poi571",1,681608.74452484,418194.171768054
"poi572",1,685449.43390324,416071.542683337
"poi573",1,680265.19410314,415430.594234347
"poi574",1,680352.401604783,425647.843462762
"poi575",1,679342.975627935,420146.907698588
"poi576",1,680276.891011744,429804.665573011
"poi577",1,677670.303637489,419369.104461922
"poi578",1,680316.450046807,425896.132437831
"poi579",1,677587.398861502,410432.250910174
"poi580",1,679680.659198198,425989.079033026
"poi581",1,676895.500619425,418406.48996692
"poi582",1,685627.408762432,415892.047197963
"poi583",1,677664.510076977,419782.251753982
"poi584",1,678073.204437973,415070.042875335
"poi585",1,677488.529979906,419496.521624557
"poi586",1,676000.210638933,420646.38933283
"poi587",1,672468.256993153,412699.470385044
"poi588",1,683033.950349123,415547.718843448
"poi589",1,680488.328095325,426807.341835196
"poi590",1,681634.326761749,426613.521501696
"poi591",1,681173.832393974,416242.710959364
"poi592",1,678866.491930979,416950.803055725
"poi593",1,680831.668901218,419683.75334449
"poi594",1,677141.251477387,414624.270503095
"poi595",1,679213.788858608,422948.295237219
"poi596",1,672314.069851398,412708.788082306
"poi597",1,679838.145501252,419541.62026248
"poi598",1,675867.787675521,423716.461985048
"poi599",1,682766.564612216,418266.874227036
"poi600",1,681581.166494019,418302.360094719
"poi601",1,682928.775751239,417299.578666868
"poi602",1,683436.369814616,414720.532174809
"poi603",1,675670.493625166,426567.669879893
"poi604",1,680138.06772431,423345.374056648
"poi605",1,679501.51959096,417174.007335241
"poi606",1,681571.319256547,416415.173481665
"poi607",1,679552.502282116,417060.439333289
"poi608",1,677177.757014705,421481.857898031
"poi609",1,676636.597124311,410091.932820124
"poi610",1,677680.558264032,414998.418214052
"poi611",1,677519.416651895,419005.568475519
"poi612",1,679363.709913008,416457.950696308
"poi613",1,680554.965317106,425407.08761958
"poi614",1,680625.934866612,425352.59752354
"poi615",1,676079.942868075,422641.217726242
"poi616",1,681443.806192179,416251.166245065
"poi617",1,682281.778716703,417266.708538414
"poi618",1,681290.539761115,421098.918774381
"poi619",1,681208.836760036,426666.811980164
"poi620",1,673708.656681114,415871.939016
"poi621",1,676297.090581295,414529.393278517
"poi622",1,679884.124174941,418903.579591591
"poi623",1,679523.125898735,416968.670605479
"poi624",1,677189.753675961,422200.407279401
"poi625",1,677098.42478728,414616.387670416
"poi626",1,681578.198122123,418300.036757277
"poi627",1,678166.435429265,408215.329943997
"poi628",1,683091.493171219,417593.416180176
"poi629",1,680525.099716496,416260.425776658
"poi630",1,677441.991685001,419006.083885943
"poi631",1,669692.743226724,408739.471518599
"poi632",1,683347.923478435,416551.100088378
"poi633",1,681409.561179872,418171.156007184
"poi634",1,681100.755447492,425597.417895601
"poi635",1,681484.027002499,422177.569117851
"poi636",1,668722.414303944,416854.086123768
"poi637",1,680186.725094075,419406.358519739
"poi638",1,677173.108725741,422479.493855571
"poi639",1,680556.768090164,427014.824075705
"poi640",1,679413.394574258,418791.789762356
"poi641",1,680110.52820282,417994.546778654
"poi642",1,679163.898383772,416505.963875521
"poi643",1,682254.177728685,427414.552281638
"poi644",1,681463.033108655,422093.984908765
"poi645",1,681599.955944513,416661.333097176
"poi646",1,681101.240710454,426261.540856126
"poi647",1,681589.365526478,424178.933625477
"poi648",1,680467.560213946,413082.049297603
"poi649",1,681273.127176561,425760.113711777
"poi650",1,682865.517549497,423542.599035963
"poi651",1,680983.573504132,418349.4476835
"poi652",1,679637.6015919,418522.578559641
"poi653",1,680863.685128995,415418.397103601
"poi654",1,681104.719997787,421107.60323927
"poi655",1,680312.780566172,425732.770801907
"poi656",1,681281.97113657,415404.814240527
"poi657",1,680097.038491362,425241.226331646
"poi658",1,675831.316027116,422731.126660738
"poi659",1,680253.238637197,429284.547738549
"poi660",1,682504.999737041,419883.056634929
"poi661",1,678982.147777671,416593.535573305
"poi662",1,678918.765201514,421993.575246852
"poi663",1,677266.331941214,419718.865247666
"poi664",1,683330.669426538,414785.263906227
"poi665",1,675553.203814339,417163.445809055
"poi666",1,680224.674020905,419351.26936511
"poi667",1,680173.431990692,416393.905625943
"poi668",1,679656.262086957,416891.194264882
"poi669",1,680225.989420384,419360.361106587
"poi670",1,681955.738141117,418454.808476937
"poi671",1,680388.059354198,425974.952020173
"poi672",1,677032.066762444,421578.698307778
"poi673",1,676935.618988528,418335.411668499
"poi674",1,681056.997729157,426351.13251098
"poi675",1,676911.23999083,422497.648126135
"poi676",1,679013.711637269,422224.721294836
"poi677",1,677329.001426022,417328.976214141
"poi678",1,681546.154617601,418349.785372234
"poi679",1,679945.014611455,418129.978902103
"poi680",1,681593.502497082,426510.676608503
"poi681",1,682576.262304744,422747.576281455
"poi682",1,677546.855023975,408915.251992006
"poi683",1,680695.191095374,416261.300521096
"poi684",1,677701.005176312,420340.257767036
"poi685",1,671297.673414094,422504.5791537
"poi686",1,681730.204133476,416516.015970121
"poi687",1,677734.023886841,419648.444660214
"poi688",1,676794.268489303,416311.01601365
"poi689",1,683011.414329528,411988.752351084
"poi690",1,680329.306626077,415475.157761247
"poi691",1,681356.562922356,425548.77910762
"poi692",1,678997.942382705,422000.942297262
"poi693",1,682752.394845274,417652.360106616
"poi694",1,677178.732132939,422276.073499046
"poi695",1,679179.063113663,414111.769244484
"poi696",1,679897.484892412,419090.875230034
"poi697",1,679570.145766394,416993.967796
"poi698",1,682058.924643271,414759.950619719
"poi699",1,679227.390973541,416351.552922285
"poi700",1,677261.818271775,419612.403904987
"poi701",1,682135.53297282,426665.693218681
"poi702",1,679550.880319405,423432.237567446
"poi703",1,670030.450740514,419746.723360773
"poi704",1,680287.6082264,427967.535382526
"poi705",1,681732.934590886,424179.766359736
"poi706",1,682596.709649519,419391.677340272
"poi707",1,673104.93955402,411048.685054707
"poi708",1,679382.079514792,416427.522311014
"poi709",1,680798.733008048,426684.155853517
"poi710",1,675964.07521956,422694.745527343
"poi711",1,681703.976800748,416558.876491176
"poi712",1,685526.334899752,415892.976132033
"poi713",1,682767.012890732,418104.726269921
"poi714",1,681320.341562756,426239.148432932
"poi715",1,679445.78893068,419813.738920197
"poi716",1,681359.064343957,415741.711239671
"poi717",1,674826.230294928,422608.178927615
"poi718",1,679475.174827766,416898.125264054
"poi719",1,679773.079909553,410541.949342616
"poi720",1,686337.562469738,417404.668046961
"poi721",1,668468.590535504,409265.46576866
"poi722",1,681100.564478262,421113.267799301
"poi723",1,680155.222042709,423403.454528668
"poi724",1,682550.825894075,422709.359374131
"poi725",1,676756.69171588,413506.362344428
"poi726",1,677614.043172979,408268.28738155
"poi727",1,681284.892045983,420957.6326448
"poi728",1,668575.800260604,416975.901728844
"poi729",1,678526.244475349,419833.17673652
"poi730",1,679662.576613814,416898.389822599
"poi731",1,682964.178107127,412475.051680904
"poi732",1,681560.986238009,416437.264026442
"poi733",1,677347.63648548,419443.508106805
"poi734",1,682747.123291731,418374.489894418
"poi735",1,679335.541540368,418809.259664192
"poi736",1,677220.510283803,421626.935222129
"poi737",1,680289.352947223,429657.795132975
"poi738",1,681216.264757664,426444.867946367
"poi739",1,681393.572417658,426490.325253627
"poi740",1,673213.796052742,423742.074880625
"poi741",1,678554.93678696,418424.799429154
"poi742",1,678524.669469274,418433.518306922
"poi743",1,676785.375402138,416387.453191169
"poi744",1,684252.562582055,417072.383541883
"poi745",1,670295.595542055,408924.239946271
"poi746",1,679488.457724216,416612.952844144
"poi747",1,680482.464570066,425481.76685049
"poi748",1,678457.444750305,412729.355716944
"poi749",1,682604.243857445,419409.630694179
"poi750",1,681559.156934483,418320.147844529
"poi751",1,668436.078815381,405277.011394553
"poi752",1,681216.37129926,415402.835723724
"poi753",1,678225.519768166,415555.137378063
"poi754",1,680319.243030815,416301.772575874
"poi755",1,680849.790723458,426533.992760932
"poi756",1,680044.251871314,416374.876683173
"poi757",1,679832.373870573,419790.399592698
"poi758",1,679625.046177983,418324.745419985
"poi759",1,678069.662440348,416392.847438173
"poi760",1,677668.998963206,419721.796161942
"poi761",1,686779.603681376,415873.52550053
"poi762",1,680912.663851489,416283.045038672
"poi763",1,685621.464490714,415943.627997507
"poi764",1,680351.677344699,426193.850921152
"poi765",1,682279.189571143,417269.153310827
"poi766",1,677209.408505647,421824.379368881
"poi767",1,680135.438648944,429536.669159246
"poi768",1,676275.48258786,420114.781042214
"poi769",1,673425.367962069,415846.659346545
"poi770",1,679684.061289841,419724.16928375
"poi771",1,677798.184027942,419800.017846748
"poi772",1,679175.450657994,416493.295199238
"poi773",1,669723.697846413,409028.84210739
"poi774",1,682274.824306269,414766.20222475
"poi775",1,683415.340590626,414615.872293685
"poi776",1,683332.623115622,414789.807693123
"poi777",1,681130.072742544,415381.711524542
"poi778",1,679091.098300807,415835.242212398
"poi779",1,675825.599631983,417367.932524834
"poi780",1,684177.018302355,417211.031873728
"poi781",1,679853.002504526,422146.716481073
"poi782",1,675869.865879028,420770.04868736
"poi783",1,677557.770532906,420585.257888513
"poi784",1,680641.760044041,425807.181811858
"poi785",1,682302.943292001,417340.755604135
"poi786",1,682326.703967394,414762.113492798
"poi787",1,678997.22438964,421717.017754384
"poi788",1,678335.611712065,418792.289799922
"poi789",1,677578.733512375,410373.712359514
"poi790",1,672673.244031173,423470.439596157
"poi791",1,669652.791723004,420823.626630436
"poi792",1,681141.494020873,426072.915439381
"poi793",1,683061.201407164,423432.671489036
"poi794",1,680817.162874034,418179.758799892
"poi795",1,682655.17743438,419357.411238251
"poi796",1,677937.426476707,419062.154417718
"poi797",1,671598.292453489,418743.52546797
"poi798",1,679516.483115308,416981.217432244
"poi799",1,679442.788373742,416226.093981606
"poi800",1,679416.884073586,416457.503246399
"poi801",1,682689.916616094,422984.935271481
"poi802",1,682302.78746327,415256.360577051
"poi803",1,681075.07658242,426274.569205292
"poi804",1,675683.402698573,426766.719844069
"poi805",1,681989.577593867,418472.378920688
"poi806",1,682585.072883808,415803.391531106
"poi807",1,678376.900330626,420786.439358498
"poi808",1,681702.485668571,416554.221229429
"poi809",1,678491.117368129,418464.204491908
"poi810",1,681597.001035956,418348.467228845
"poi811",1,680305.603742758,429732.071037411
"poi812",1,680160.064779117,419278.315009438
"poi813",1,679119.822454761,416557.632231573
"poi814",1,683363.73112793,414829.125542218
"poi815",1,681307.623162307,416251.099022435
"poi816",1,679356.817686572,420167.284871212
"poi817",1,683510.588667243,414721.291100971
"poi818",1,680096.8315672,416266.742931513
"poi819",1,677386.461412421,419178.788660294
"poi820",1,680932.842990547,418084.146276479
"poi821",1,681637.172499142,415395.807008651
"poi822",1,680134.492060798,427709.878276899
"poi823",1,677584.191941206,410052.402369916
"poi824",1,680897.673866618,426461.251000547
"poi825",1,680383.329417814,425970.081759096
"poi826",1,680770.225194555,426498.218551845
"poi827",1,680424.68530287,425468.687260001
"poi828",1,679542.31470421,419136.215030404
"poi829",1,680310.646204348,425730.002485775
"poi830",1,680607.718289004,416297.411753787
"poi831",1,676007.158296307,422560.991603256
"poi832",1,683069.868557041,417674.08436011
"poi833",1,679253.755182434,416760.412538061
"poi834",1,681101.447321126,426598.704475636
"poi835",1,681321.949307734,423802.475102462
"poi836",1,683133.002713249,416708.633085808
"poi837",1,679370.865113317,419168.969276466
"poi838",1,679506.899441728,416400.192232115
"poi839",1,678455.352441543,419319.83104299
"poi840",1,680252.464474676,429980.952017217
"poi841",1,679374.276779041,419119.164134012
"poi842",1,682407.990415732,418398.510393041
"poi843",1,681663.510661684,424179.456087412
"poi844",1,679826.292581734,419892.558944282
"poi845",1,679435.4360321,416253.504006221
"poi846",1,671337.149164706,410568.817575326
"poi847",1,683048.044865019,414771.010345511
"poi848",1,678112.525906406,415611.847554619
"poi849",1,678476.251500896,419839.722066469
"poi850",1,680941.024397023,426296.685734035
"poi851",1,670451.74387571,416100.611800836
"poi852",1,679425.503604483,416244.320054078
"poi853",1,681549.386205817,424183.3364102
"poi854",1,683021.593466237,412031.98791001
"poi855",1,681771.177653126,422347.925740376
"poi856",1,679626.949198772,419910.284207131
"poi857",1,680268.238877908,429290.727551917
"poi858",1,679740.665192345,417202.665774229
"poi859",1,677909.725845277,419338.380166752
"poi860",1,681562.601261997,418329.124728994
"poi861",1,678662.639718032,420571.853415828
"poi862",1,684523.422145335,417415.310370672
"poi863",1,668022.217310013,405439.419773362
"poi864",1,679783.515642774,416834.472004695
"poi865",1,682236.839081324,414768.158167999
"poi866",1,682200.896058422,417109.370101605
"poi867",1,679734.627493009,415928.570670428
"poi868",1,680225.718937878,416233.202978907
"poi869",1,682042.140976952,417808.496680475
"poi870",1,670249.732121044,408874.141253819
"poi871",1,680279.740602978,425866.928368415
"poi872",1,680310.829467932,425729.114833506
"poi873",1,676266.445235713,414800.527772477
"poi874",1,678933.496966231,415998.289980322
"poi875",1,679220.658646186,416493.307656809
"poi876",1,680362.364981739,415421.632354345
"poi877",1,674809.463587914,415129.993295436
"poi878",1,670044.88689065,409602.332902241
"poi879",1,675000.964843155,414345.926495512
"poi880",1,682762.034304753,417655.780837357
"poi881",1,681479.694044305,422139.425010818
"poi882",1,682042.139931337,426998.485688238
"poi883",1,679631.798846338,419188.705003883
"poi884",1,679316.882470632,416437.423135637
"poi885",1,676894.49265611,415615.824381154
"poi886",1,681545.365837934,424258.207656119
"poi887",1,680204.806753886,418345.485394616
"poi888",1,683342.618469369,414783.246744654
"poi889",1,679877.88026242,419148.810586218
"poi890",1,681273.776779395,420861.386048838
"poi891",1,681517.307971747,422916.155537507
"poi892",1,675719.156111156,426961.05336651
"poi893",1,682803.594513218,420466.333940076
"poi894",1,679480.39512427,419154.315084476
"poi895",1,680772.215730094,416234.970986979
"poi896",1,680380.736349892,422508.176113683
"poi897",1,683016.262788723,411221.824072749
"poi898",1,678969.801541276,421835.41770624
"poi899",1,680796.313355117,415410.657831564
"poi900",1,682995.370414558,411722.493823236
"poi901",1,670146.939778005,409091.17424904
"poi902",1,679592.121141662,419127.013926806
"poi903",1,682069.558243494,417068.469053706
"poi904",1,674984.077779421,411821.825070109
"poi905",1,675631.001862794,427046.790094264
"poi906",1,677590.364371395,412687.650533529
"poi907",1,678918.845204708,416999.375901813
"poi908",1,679300.794069445,418759.093579356
"poi909",1,681612.59348645,417066.454326136
"poi910",1,678955.076008498,420406.837473959
"poi911",1,681331.634797243,427042.774617083
"poi912",1,679486.706263531,419806.774550578
"poi913",1,679956.165909673,418764.903843253
"poi914",1,678154.900814674,416072.794038604
"poi915",1,676936.370915861,414810.200282479
"poi916",1,681879.839224287,421942.459044917
"poi917",1,682142.802284344,427087.578242567
"poi918",1,670192.322037535,416005.592684134
"poi919",1,677355.866242621,419086.918191469
"poi920",1,677636.999184938,421477.886238751
"poi921",1,668190.818319921,414836.969121828
"poi922",1,682773.580428316,418253.885354972
"poi923",1,683118.072426016,417642.944868864
"poi924",1,679488.293988378,416924.936767153
"poi925",1,680001.662274664,425263.718859105
"poi926",1,680043.234453951,416375.655162327
"poi927",1,679814.682788023,418913.264296618
"poi928",1,681629.354292713,424179.410978432
"poi929",1,676932.091234499,421243.218853547
"poi930",1,680310.743339997,425732.22046826
"poi931",1,679003.840905233,422198.901301482
"poi932",1,678968.83470191,421858.821562395
"poi933",1,680126.756396848,427816.145741281
"poi934",1,682837.107071945,418350.260698694
"poi935",1,680380.997027202,415426.252196614
"poi936",1,671349.859831372,422648.71543491
"poi937",1,680375.398249785,415767.747931228
"poi938",1,679783.568690214,418478.237813576
"poi939",1,680174.725316422,419291.704425478
"poi940",1,679519.869243497,417307.501016813
"poi941",1,679993.203272497,427580.188346786
"poi942",1,678315.456653665,419786.073775008
"poi943",1,679391.366807327,418498.485406378
"poi944",1,673711.117396564,423520.978267374
"poi945",1,679090.317922528,421525.052193879
"poi946",1,682138.74726798,422456.474842973
"poi947",1,679404.907458295,416488.361410887
"poi948",1,679359.533242463,416454.29976504
"poi949",1,672022.214799514,415995.844184167
"poi950",1,680333.796972294,426005.342156147
"poi951",1,677518.190834613,408315.979877099
"poi952",1,680472.280247531,425389.733170638
"poi953",1,679874.480819947,425038.952191639
"poi954",1,677445.375700824,418987.997833611
"poi955",1,680104.886226333,427667.461789957
"poi956",1,672049.032559137,416105.675879608
"poi957",1,680127.293645005,429534.80070961
"poi958",1,681063.983129006,426327.051316045
"poi959",1,678960.572791617,411798.279803394
"poi960",1,679519.100414743,416819.39734778
"poi961",1,665855.313455796,409903.941685414
"poi962",1,682737.483283925,418933.704651038
"poi963",1,674938.258574711,413895.916122177
"poi964",1,680309.576194624,426107.650515229
"poi965",1,676808.162426367,416348.24733828
"poi966",1,679392.777001859,419151.620262334
"poi967",1,682261.120251781,427068.391511533
"poi968",1,680998.235224517,426074.198452719
"poi969",1,678991.421744552,416092.655788228
"poi970",1,680954.488834168,426550.751835401
"poi971",1,681215.559818968,420545.633741596
"poi972",1,677733.286479993,419729.298602566
"poi973",1,675929.584629613,420583.792961054
"poi974",1,677872.251367641,415315.168333335
"poi975",1,680113.716090858,427819.167542177
"poi976",1,679375.662609837,418088.8250539
"poi977",1,679314.708494596,416545.784709065
"poi978",1,679875.580373187,419112.215753509
"poi979",1,678836.22960959,408126.099722093
"poi980",1,683205.812324619,416706.952083517
"poi981",1,679497.932362755,419902.575172179
"poi982",1,682826.068436181,420502.227687447
"poi983",1,682792.078798692,423218.212791952
"poi984",1,679720.156029223,416836.048127334
"poi985",1,668803.756049933,416685.904077449
"poi986",1,683378.585747791,414739.708519185
"poi987",1,679820.677377651,419645.799993614
"poi988",1,677615.602284004,408260.963905613
"poi989",1,680995.534176153,416866.475747332
"poi990",1,683113.160951292,416751.145718447
"poi991",1,679938.792674024,416799.541379359
"poi992",1,681187.687886781,425470.698514284
"poi993",1,681280.790660978,415180.561796022
"poi994",1,679562.17760519,423433.876964795
"poi995",1,669366.700838144,416333.166759542
"poi996",1,683072.420441847,416082.556794175
"poi997",1,680209.283750097,425541.888862683
"poi998",1,680313.881983372,425728.332158133
"poi999",1,668742.306068395,416818.086526258
"poi1000",1,677321.431722926,415974.36460785
"poi1001",1,683114.57029523,416081.040406895
"poi1002",1,668372.437140419,417107.445584483
"poi1003",1,677990.514604822,419351.946128283
"poi1004",1,680222.629452351,419347.835449975
"poi1005",1,684448.027488568,415484.424615091
"poi1006",1,679259.617344456,423204.949317762
"poi1007",1,672581.442495112,412741.290199776
"poi1008",1,677643.303972641,421402.564455001
"poi1009",1,682580.507144092,419343.351029381
"poi1010",1,681981.683958755,417872.382542635
"poi1011",1,677733.158631939,420349.055343004
"poi1012",1,680953.516937984,417304.201279162
"poi1013",1,681552.479585344,418411.548835889
"poi1014",1,681081.736693027,415348.645776892
"poi1015",1,680987.852907962,418172.873781321
"poi1016",1,681357.98453745,415568.143186778
"poi1017",1,679387.808777935,418823.786518568
"poi1018",1,678028.341049513,415343.755069606
"poi1019",1,680176.577024489,425524.544155399
"poi1020",1,679439.233190581,419049.040925496
"poi1021",1,679492.154337677,421048.603850241
"poi1022",1,682755.911683132,417650.690139544
"poi1023",1,680267.438471161,415216.316350599
"poi1024",1,672023.031300364,416021.572533409
"poi1025",1,680692.656846456,418627.301537971
"poi1026",1,678033.317694875,415735.247798331
"poi1027",1,678783.882521152,417168.698377503
"poi1028",1,678946.941578335,421923.418713258
"poi1029",1,674463.053743344,418324.958611272
"poi1030",1,678523.179225515,419829.080026629
"poi1031",1,679178.61381421,414118.202850457
"poi1032",1,681297.438048588,414881.190254828
"poi1033",1,681573.78971589,416399.198027776
"poi1034",1,681049.66406636,426665.131155524
"poi1035",1,680081.357126497,427345.429900877
"poi1036",1,679396.443653723,416429.820380483
"poi1037",1,668685.839935081,416774.573388533
"poi1038",1,681390.812511313,423988.223489715
"poi1039",1,680312.444037647,429282.539531458
"poi1040",1,680008.352373882,417768.175314585
"poi1041",1,676135.232434459,422648.953684524
"poi1042",1,681386.295615586,423808.338259461
"poi1043",1,681342.078645905,418191.36197811
"poi1044",1,670102.7767817,408962.104848416
"poi1045",1,685570.512524331,415945.146609129
"131210016001",0,682506.780007618,417742.569646713
"131210090002",0,677206.799058199,422980.482591481
"131210073003",0,679201.043338366,407705.989185633
"131210012012",0,680196.908534053,418407.866836509
"131210065004",0,677170.178383776,412067.142645493
"131210079003",0,669066.023454525,414149.436099661
"131210031001",0,682690.645656805,415746.047256073
"131210073002",0,679322.965081287,406414.959110251
"131210070021",0,681171.9322971,409088.203623443
"131210076031",0,673514.808985761,410614.975364438
"131210086011",0,672170.607148823,420222.247829224
"131210079002",0,670001.558286252,413286.006540338
"131210072002",0,680106.606255804,405179.46085657
"131210088001",0,673794.006686073,422154.608819542
"131210013003",0,680753.52922251,418513.088180411
"131210086014",0,672638.782469275,419322.611263877
"131210002004",0,681785.005497004,419891.330583532
"131210049001",0,679817.383408491,414598.958189703
"131210118001",0,677309.469325534,417876.825584014
"131210095013",0,678673.638651234,425227.473095776
"131210093001",0,680764.279632732,424205.12292286
"131210001003",0,682435.454001046,421812.762204968
"131210039001",0,676249.150751591,415979.266757578
"131210055012",0,679898.385939972,413233.356821992
"131210013002",0,680813.595172819,418886.704590267
"131210076022",0,673077.926588603,411560.96432279
"131210060002",0,674628.945940759,414605.036594557
"131210096032",0,680167.898925428,424825.643079382
"131210015002",0,682680.639856571,419106.557232985
"131210069003",0,681986.609975116,412688.60561908
"131210006001",0,677858.079767999,419691.092038056
"131210015004",0,682707.00541012,418570.88472901
"130890205001",0,683439.024363057,416499.094796781
"131210078082",0,669975.735369999,416239.218769427
"131210025002",0,677461.141778017,416767.577550725
"131210005003",0,680169.285598031,421445.457118963
"131210077041",0,670799.597158928,410471.976165211
"131210039002",0,676429.570842103,415589.957350675
"130890206001",0,683919.114313682,416631.031694796
"131210015001",0,682618.267305976,418284.195371849
"131210086013",0,672479.869543852,418386.622731818
"131210075004",0,676209.820114072,410190.889267046
"131210005001",0,679030.071364287,420468.067031469
"131210053002",0,680827.562786897,414088.759921114
"131219800001",0,675964.784450931,404919.461074794
"131210032001",0,681627.000460699,415780.169661352
"131210080002",0,674409.539886563,412327.112094045
"131210061001",0,675456.924446566,413811.134901395
"131210077052",0,670008.083531109,408822.926999439
"131210060003",0,674502.666994491,414200.494334101
"131210078071",0,668952.157962147,417330.458664978
"130890205002",0,684021.452087384,415815.164907124
"131210064001",0,680827.792460067,412340.78561107
"131210018003",0,680253.925742552,417944.200817694
"131210014002",0,681849.672050998,419103.732410096
"131210035001",0,679730.699852498,415647.09505345
"131210050001",0,681612.319975588,414915.334389683
"131210076032",0,673254.333411691,410648.907320809
"131210079001",0,670918.126685779,413719.711572144
"131210096033",0,680850.232618699,425036.686207718
"131210100012",0,680673.066172593,429043.996209751
"130890203002",0,684301.134516535,417659.239583548
"131210048001",0,679872.24047717,415167.071378337
"131210028001",0,680228.540777115,416749.825437806
"131210067001",0,680079.701079761,411362.870403623
"131210082013",0,669794.312597563,418764.542223673
"131210094033",0,681888.070134282,424778.434670321
"131210002005",0,681760.255403248,419506.88815488
"131210011003",0,679970.517143181,419469.671539739
"131210043001",0,677251.127208167,415203.056451452
"131210090003",0,677666.979758016,422083.229935921
"131210089041",0,675691.405707938,423408.529890488
"131210010011",0,678675.873750648,419533.504919104
"131210096012",0,680300.299026616,426807.196359729
"131210062001",0,676410.658018907,413595.258078664
"131210074002",0,677207.082318645,407875.234931914
"131210119001",0,680945.0741315,416084.378193506
"131210007001",0,676116.478201389,418882.654141129
"131210061004",0,674546.632100023,413684.694474656
"131210088002",0,671520.483327567,423110.846588222
"131210041001",0,675872.042745354,415279.315199117
"131210023001",0,677334.875531274,417509.339239639
"131210068011",0,681354.608662516,411389.150528568
"131210060001",0,674520.311184328,414975.543466186
"130890209003",0,684483.866788909,414186.009984144
"131210072001",0,682252.262336391,406175.442252371
"131210018001",0,680366.879032308,417386.025456028
"130890203001",0,684907.266275351,417815.757670491
"131210083011",0,673121.798796297,417650.178910033
"131210065002",0,677131.707456978,411262.925850449
"131210052001",0,682616.789866717,413946.564603919
"131210095021",0,679717.496008074,426424.77703853
"131210041002",0,675705.464658043,414957.688972108
"131210100021",0,682777.353687798,429798.547179551
"131210081011",0,673372.582604284,414259.97653243
"131210096021",0,682895.924483743,427205.806034988
"131210078081",0,668812.749422175,415923.522111013
"130890208021",0,687847.230937675,415702.964468443
"131210001002",0,682895.270223913,419611.389906999
"131210093003",0,679808.861707852,423402.482068588
"131210081024",0,671219.722464753,415741.145613223
"131210070013",0,679953.677441505,409621.597118831
"131210069001",0,682786.900479788,411997.857813592
"131210002001",0,681391.776693812,421327.919287466
"131210077051",0,669656.993832529,407279.163679497
"131210024002",0,675788.495848424,416744.813387987
"131210078023",0,666359.370000646,409265.020139459
"131210082023",0,669219.832050401,419213.866158714
"131210080001",0,675066.179140711,412319.6290965
"131210070012",0,679793.372785857,408658.838987325
"131210029001",0,681230.905715658,416685.83156662
"131210091021",0,679273.018657981,421998.225340477
"131210089022",0,678161.946900497,421227.731205015
"131210071001",0,682468.197136244,409281.745493736
"130890208023",0,687774.148388201,416085.879001901
"131210004001",0,679876.402018067,420330.479585236
"131210120001",0,678956.092928582,414526.945109245
"131210094032",0,682456.701801252,424245.674465767
"131210084002",0,675205.007089699,416901.078452011
"131210017001",0,681507.156422642,417480.741252917
"131210023003",0,676350.354644132,417830.598826221
"131210080004",0,672661.184469822,412451.943981629
"131210023002",0,676859.936985351,417606.960091486
"131210095012",0,678679.317183082,424134.324275253
"130890208012",0,686153.442755562,416869.794464393
"131210118002",0,677276.675005662,418492.031760915
"130890206002",0,684498.231347118,416629.503621647
"131210112011",0,674408.413198596,410392.835919175
"131210053003",0,680801.796912052,413304.825125722
"131210066011",0,676387.815856731,412152.011134036
"131210095023",0,679662.722541704,425787.756316334
"131210057001",0,678075.381850693,413801.434001134
"131210019002",0,679629.038760768,417557.720308472
"131210089031",0,674347.307300067,423264.94939291
"131210044001",0,678228.455875326,414776.199717422
"131210091014",0,678841.926182809,421599.039932111
"131210031002",0,682799.966962882,416358.563569941
"131210096031",0,680809.14347725,425695.392629251
"131210005002",0,680351.646096501,420731.483478188
"131210070023",0,680462.445763222,410292.51646233
"131210080003",0,673762.833852825,412318.940948234
"131210073001",0,680828.64395852,407361.192904149
"131210085002",0,674048.384409363,418141.475160625
"131210001001",0,682835.132854444,420179.937583973
"131210069002",0,681947.728122483,411775.413568204
"131210075002",0,677127.591790367,408761.414290945
"131210078061",0,667233.122100531,416120.755963751
"130890204001",0,683555.72826438,417794.103094406
"131210082022",0,668411.197856638,418364.049605371
"131210028002",0,680560.061424056,416455.912366915
"131210081023",0,670111.619916312,415627.890230278
"131210120002",0,679296.071061567,413556.466189755
"131210061003",0,674384.621531475,413040.738949244
"131210099003",0,678369.615064975,426794.47671193
"131210024001",0,676441.031954488,416789.682352851
"131210092003",0,682222.801713508,423101.637701846
"131210078072",0,670143.365303328,417002.751550812
"131210075003",0,677260.990091304,409411.397875633
"131210094041",0,682655.104079639,425280.019923734
"131210068021",0,681991.560033121,410720.797880345
"131210085001",0,675430.193287568,418274.472253269
"131210089021",0,675934.839754624,421254.653997685
"131210100022",0,681918.656344519,429210.849710704
"131210089043",0,674646.308595983,423773.301709821
"131210094031",0,682248.91392362,425090.187562591
"131210094022",0,682053.950060349,423945.914152102
"131210076023",0,672046.098616479,411396.330072185
"131210042002",0,676701.554848878,414461.428991775
"131210052002",0,682465.466589846,413409.278500689
"131210076033",0,674952.757544693,411085.709004357
"131210083021",0,673144.362439034,416530.764422125
"131210025001",0,677022.362130702,416842.655077376
"131210118003",0,678055.978046924,417653.309907778
"131210098012",0,676797.727274594,426401.26631159
"131210041003",0,675765.954307691,414480.208434927
"131210012022",0,679735.791613101,418353.974825615
"131210065003",0,677062.480535405,412674.01350001
"131210090001",0,677190.725394476,423255.119109366
"130890202001",0,684201.38980255,418616.19094786
"131210007002",0,676244.057246509,419147.340781353
"131210102111",0,678093.083239906,430224.467386608
"131210077042",0,670790.014872663,411779.712973232
"131210082021",0,668677.1107861,418844.060304604
"131210062002",0,676268.731324074,413061.399831568
"130890208022",0,686661.65419955,415341.443685728
"131210074001",0,678081.816680024,407947.833263449
"131210097003",0,674158.885818599,425212.934248139
"131210086012",0,671820.367185114,419308.657377628
"130890209004",0,684919.745937704,413137.330726251
"131210076021",0,674136.403172567,411690.215362512
"131210077031",0,668800.047276386,409797.550807639
"131210070022",0,682137.522835615,408645.421039812
"131210078062",0,667695.512082454,414554.389956855
"131210078024",0,665823.754546752,412863.955998488
"130890201001",0,683550.00483594,421217.439755994
"131210097002",0,674491.984480069,426174.669479242
"131210040003",0,675027.589019251,415759.348686244
"131210098021",0,676739.30957345,427849.132008144
"131210060004",0,675392.009590989,414163.69460109
"131210099002",0,679272.01425257,427872.167391271
"131210081021",0,673253.695382915,415391.501700503
"131210086021",0,670884.674924381,420109.458276481
"131210094021",0,681313.981189537,423634.927779233
"131210091012",0,678531.108678242,421906.814109597
"131210021001",0,678864.201484928,417514.677158959
"131210063001",0,678477.423179938,412797.020395165
"131210030002",0,682528.683237647,416845.420011985
"131210070011",0,678751.016517607,409242.111306721
"131210070024",0,681167.753057985,410475.127821283
"131210077043",0,669632.559929581,410912.032243284
"131210077033",0,668811.233484124,411492.346565018
"131210083022",0,673993.094958011,416749.389042995
"131210094042",0,682868.154314888,426255.848196828
"131210018002",0,680672.521251815,417901.239327223
"131210049002",0,680500.475014042,414875.049639408
"131210038001",0,677266.61351442,415891.121226394
"131210012011",0,680226.370775135,418988.828816115
"131210091023",0,679492.99547292,422222.106017443
"131210091013",0,678841.501959394,422528.380419243
"131210043002",0,677941.291743035,415386.472050155
"131210095024",0,679648.753035456,425048.473079301
"131210089023",0,677377.209432927,420471.609689326
"131210080005",0,672816.094871367,413528.020921983
"131210082012",0,670705.522845255,418647.525322209
"131210092002",0,682946.454383125,423109.563393084
"131210098013",0,677056.497284651,424448.09422116
"131210098011",0,676442.61943818,425522.831038583
"131210096023",0,681698.36017874,425862.267094001
"131210099004",0,678324.704527904,429037.894799631
"131210100014",0,680665.103472444,428062.67714899
"131210063002",0,678112.072478357,413275.432988709
"131210076041",0,672306.338436746,410390.435116453
"131210077063",0,668067.392902478,406445.088424883
"131210077061",0,668475.47179819,408268.408659003
"131210078021",0,667088.117034404,411741.29180671
"130890202002",0,683368.710853938,418644.941053909
"130890207002",0,685629.966538568,416475.962685715
"131210004002",0,680713.365705064,419914.874741947
"131210100023",0,682163.689383558,427689.320324548
"131210096011",0,680600.692924002,426240.159439119
"131210011002",0,680189.506216996,419783.878945574
"130890209002",0,683508.981536113,414186.584901742
"131210030001",0,681982.013541375,416701.346580926
"131210077062",0,666472.875410545,407517.402893238
"131210087004",0,674314.50313692,420061.100944731
"131210042001",0,676683.084282862,415102.646953726
"130890207001",0,685227.531134982,416127.440435647
"131210093002",0,680328.864533251,423322.728279603
"131210058001",0,677398.978493934,413805.122589119
"131210053001",0,681644.731574553,413846.318351681
"131210001004",0,682678.550576636,420802.199202755
"131210077032",0,667978.50302545,410242.27256038
"131210097001",0,674506.387308302,427652.284842834
"131210071002",0,682678.96774372,410416.416523768
"131210092001",0,681076.11927406,422418.867533985
"131210002002",0,681724.838427309,420752.95795637
"131210078022",0,665264.832153539,410799.793604024
"131210095011",0,678561.530945787,423518.583608411
"131210013001",0,681165.932707653,418691.842882577
"131210015003",0,682549.407444032,418781.152231685
"131210084001",0,675488.010893219,417558.95193894
"131210036001",0,678103.620476457,415995.590324668
"130890209001",0,684063.592500836,415093.879446452
"131210002003",0,681934.090352659,420240.471292211
"131210084003",0,674659.505738716,416922.825858248
"131210087003",0,671366.852570921,421269.587369164
"131210083012",0,672639.502649181,416983.590269913
"131210085003",0,673805.090387238,419108.824439693
"131210091022",0,679970.939265302,422590.629995923
"131210089024",0,676806.947441831,421870.468474791
"131210066021",0,675722.173167057,412324.987141079
"130890203003",0,685379.626480906,417339.397120433
"131210040001",0,675114.819969052,416056.810661742
"131210099001",0,679620.738873757,429115.94878182
"131210067002",0,678600.498419076,411545.715316006
"131210035002",0,678760.37532421,416083.149538966
"131210055021",0,679604.90354168,412066.887481574
"131210066012",0,676205.638872209,410924.2993105
"131210086022",0,669707.129388916,420975.029132077
"130890204002",0,683512.963988491,417224.657396092
"131210019001",0,679190.924815897,417789.746547686
"131210012021",0,679776.37439251,418948.791600269
"131210091011",0,678605.266895443,422950.043730461
"131210078063",0,668116.783815643,416388.456342304
"131210089042",0,676193.151926248,423228.03587071
"131210098022",0,675597.578588465,429288.469475905
"131210055011",0,679868.988186585,413976.44125432
"131210061002",0,675372.603125531,413212.114595896
"131210100013",0,681322.741249199,429579.78924058
"131210075001",0,677614.092962725,409905.070422463
"131210096022",0,682439.889684544,426973.375970457
"131210102112",0,679370.252883561,430505.434272762
"131210065001",0,678035.687787409,411835.543207727
"131210067003",0,678948.54197825,410624.117509507
"130890208011",0,686132.533061981,415976.401606456
"131210010021",0,678434.586954152,418728.748412149
"131210087002",0,672627.721572266,420939.876624454
"131210087001",0,671139.314577955,421920.382575026
"131210093004",0,679932.866887223,424198.527181264
"131210011001",0,679874.389298436,419716.623332927
"131210081022",0,671764.04099379,415016.551154835
"131210082011",0,671115.521291689,417222.364620074
"131210052003",0,682669.848943081,414853.47643913
"131210010012",0,679290.606976749,419181.283704685
"131210119002",0,679725.966802228,416272.273882773
"131210094043",0,682909.650498225,424861.585591964
"131210014001",0,681912.159938633,418535.8080383
"131210040002",0,674880.426646245,415449.520629617
"131210017002",0,681128.948039865,417871.205424145
"131210100011",0,680874.090189289,427073.721834327
"131210026001",0,678143.398156876,416764.101057906
